Top pages,Clicks,Impressions,CTR,Position
https://revivalhealthandwellnessgroup.com/,2510,101420,2.47%,17.96
https://revivalhealthandwellnessgroup.com/about-us/,106,9537,1.11%,6.11
https://revivalhealthandwellnessgroup.com/contact-us/,51,10052,0.51%,7.2
https://revivalhealthandwellnessgroup.com/p-long/,37,6394,0.58%,13.73
https://revivalhealthandwellnessgroup.com/glp-1/,31,2081,1.49%,19.98
https://revivalhealthandwellnessgroup.com/revitalize-your-health-with-vitamin-booster-injections-in-las-vegas/,25,4812,0.52%,33.19
https://revivalhealthandwellnessgroup.com/trimix/,21,1091,1.92%,15.27
https://revivalhealthandwellnessgroup.com/p-shot-tm/,19,8070,0.24%,28.17
https://revivalhealthandwellnessgroup.com/mens-hormone-therapy/,17,1599,1.06%,15.14
https://revivalhealthandwellnessgroup.com/the-power-of-emsella-strengthening-your-core-for-better-health/,13,1091,1.19%,12.79
https://revivalhealthandwellnessgroup.com/weight-loss/,12,6249,0.19%,6.47
https://revivalhealthandwellnessgroup.com/hormone-therapy/,11,6365,0.17%,5.82
https://revivalhealthandwellnessgroup.com/emsella-2/,10,1741,0.57%,49.71
https://revivalhealthandwellnessgroup.com/self-injection-simplified-a-step-by-step-guide-to-using-trimix-at-home-for-men-in-las-vegas/,10,1646,0.61%,14.46
https://revivalhealthandwellnessgroup.com/coolpeel-laser/,8,1347,0.59%,18.87
https://revivalhealthandwellnessgroup.com/gainswave-tm/,7,7617,0.09%,26.51
https://revivalhealthandwellnessgroup.com/emsculpt-neo/,6,3846,0.16%,17.59
https://revivalhealthandwellnessgroup.com/aesthetics/,6,2641,0.23%,8.51
https://revivalhealthandwellnessgroup.com/co2-laser-treatments/,6,1543,0.39%,18.67
https://revivalhealthandwellnessgroup.com/emsella/,6,796,0.75%,29.47
https://revivalhealthandwellnessgroup.com/phentermine/,5,2781,0.18%,34.74
https://revivalhealthandwellnessgroup.com/how-emsella-improves-neuromuscular-control-for-ed/,5,2501,0.2%,32.18
https://revivalhealthandwellnessgroup.com/revival-health-wellness-reigniting-your-vitality-in-las-vegas-nv/,5,1525,0.33%,26.2
https://revivalhealthandwellnessgroup.com/sexual-wellness/,4,7722,0.05%,11.44
https://revivalhealthandwellnessgroup.com/telehealth/,4,3922,0.1%,8.54
https://revivalhealthandwellnessgroup.com/o-shot-tm/,4,3736,0.11%,33.43
https://revivalhealthandwellnessgroup.com/priapus-toxin/,4,1103,0.36%,18.38
https://revivalhealthandwellnessgroup.com/tetra-pro-co2-laser/,4,573,0.7%,25.85
https://revivalhealthandwellnessgroup.com/why-are-many-men-at-risk-of-ed/,3,835,0.36%,55.17
https://revivalhealthandwellnessgroup.com/derma-filler/,3,185,1.62%,11.2
https://revivalhealthandwellnessgroup.com/women/,2,2016,0.1%,26.04
https://revivalhealthandwellnessgroup.com/men/,2,1926,0.1%,27.96
https://revivalhealthandwellnessgroup.com/kybella/,2,1065,0.19%,36
https://revivalhealthandwellnessgroup.com/growth-hormone-optimization/,2,811,0.25%,25.9
https://revivalhealthandwellnessgroup.com/hair/,1,2766,0.04%,52.65
https://revivalhealthandwellnessgroup.com/gainswavetm-for-her/,1,1850,0.05%,28.19
https://revivalhealthandwellnessgroup.com/prp-hair-restoration/,1,1385,0.07%,20.99
https://revivalhealthandwellnessgroup.com/viagra/,1,802,0.12%,37.38
https://revivalhealthandwellnessgroup.com/skin/,1,729,0.14%,15.42
https://revivalhealthandwellnessgroup.com/youre-working-out-harder-than-ever-so-why-isnt-the-weight-coming-off-the-truth-about-sluggish-metabolism-and-metabolic-resistance/,1,671,0.15%,23.06
https://revivalhealthandwellnessgroup.com/womens-hormone-therapy/,1,411,0.24%,12.37
https://revivalhealthandwellnessgroup.com/blogs/,1,349,0.29%,45.04
https://revivalhealthandwellnessgroup.com/dysport/,1,347,0.29%,33.15
https://revivalhealthandwellnessgroup.com/sculptra/,1,267,0.37%,15.61
https://revivalhealthandwellnessgroup.com/vitamin-injections/,1,222,0.45%,21.59
https://revivalhealthandwellnessgroup.com/cherry/,1,78,1.28%,7.69
https://revivalhealthandwellnessgroup.com/gainswave-tm-boulder-city-nv/,1,34,2.94%,18.03
https://revivalhealthandwellnessgroup.com/emsella-las-vegas-nv/,1,18,5.56%,17.94
https://revivalhealthandwellnessgroup.com/glp-1-pahrump-nv/,1,16,6.25%,6.81
https://revivalhealthandwellnessgroup.com/glp-1-summerlin-south-nv/,1,15,6.67%,9.8
https://revivalhealthandwellnessgroup.com/p-long-blue-diamond-nv/,1,15,6.67%,29.87
https://revivalhealthandwellnessgroup.com/gainswave-tm-sandy-valley-nv/,1,13,7.69%,24.77
https://revivalhealthandwellnessgroup.com/p-long-north-las-vegas-nv/,1,8,12.5%,14.12
https://revivalhealthandwellnessgroup.com/emsella-henderson-nv/,1,6,16.67%,5.83
https://revivalhealthandwellnessgroup.com/mens-hormone-therapy-pahrump-nv/,1,3,33.33%,6.33
https://revivalhealthandwellnessgroup.com/iv-hydration/,0,1811,0%,36.37
https://revivalhealthandwellnessgroup.com/xeomin/,0,970,0%,47.86
https://revivalhealthandwellnessgroup.com/shockwave-therapy-the-secret-to-a-rock-solid-you/,0,769,0%,18.62
https://revivalhealthandwellnessgroup.com/scar-camouflage/,0,657,0%,26.17
https://revivalhealthandwellnessgroup.com/prp-hair-restoration-in-las-vegas-natural-results-at-revival-health/,0,504,0%,23.49
https://revivalhealthandwellnessgroup.com/privacy-policy/,0,411,0%,46.75
https://revivalhealthandwellnessgroup.com/gainswave-tm-henderson-nv/,0,342,0%,6.17
https://revivalhealthandwellnessgroup.com/transform-your-body-fast-how-emsculpt-neo-builds-muscle-and-eliminates-fat-in-30-minutes/,0,310,0%,38.97
https://revivalhealthandwellnessgroup.com/boost-your-health-and-energy-how-emsculpt-neo-improves-circulation-and-functional-wellness/,0,287,0%,31.66
https://revivalhealthandwellnessgroup.com/o-shot-tm-henderson-nv/,0,242,0%,7.01
https://revivalhealthandwellnessgroup.com/pdo-thread-lifts/,0,235,0%,29.91
https://revivalhealthandwellnessgroup.com/finasteride/,0,199,0%,19.83
https://revivalhealthandwellnessgroup.com/coolpeel/,0,163,0%,25.09
https://revivalhealthandwellnessgroup.com/under-eye-treatment/,0,145,0%,17.6
https://revivalhealthandwellnessgroup.com/glp-1-paradise-nv/,0,133,0%,6.26
https://revivalhealthandwellnessgroup.com/microneedling/,0,116,0%,29.41
https://revivalhealthandwellnessgroup.com/botox/,0,114,0%,15.18
https://revivalhealthandwellnessgroup.com/emsella-sandy-valley-nv/,0,83,0%,22.02
https://revivalhealthandwellnessgroup.com/p-long-henderson-nv/,0,73,0%,15.15
https://revivalhealthandwellnessgroup.com/sample-page/,0,68,0%,11.68
https://revivalhealthandwellnessgroup.com/emsella-the-pelvic-floor-fix-that-could-save-your-sex-life/,0,68,0%,30.74
https://revivalhealthandwellnessgroup.com/gainswave-tm-whitney-nv/,0,66,0%,32.61
https://revivalhealthandwellnessgroup.com/category/health-wellness/,0,64,0%,16.61
https://revivalhealthandwellnessgroup.com/glp-1-las-vegas-nv/,0,57,0%,33.19
https://revivalhealthandwellnessgroup.com/botox-summerlin-south-nv/,0,54,0%,11.76
https://revivalhealthandwellnessgroup.com/gainswave-tm-las-vegas-nv/,0,51,0%,36.41
https://revivalhealthandwellnessgroup.com/gainswave-tm-spring-valley-nv/,0,51,0%,49.67
https://revivalhealthandwellnessgroup.com/glp-1-blue-diamond-nv/,0,50,0%,6.52
https://revivalhealthandwellnessgroup.com/glp-1-spring-valley-nv/,0,47,0%,26.83
https://revivalhealthandwellnessgroup.com/gainswave-tm-enterprise-nv/,0,45,0%,13.38
https://revivalhealthandwellnessgroup.com/gainswave-tm-summerlin-south-nv/,0,43,0%,16.44
https://revivalhealthandwellnessgroup.com/quiz/,0,41,0%,8.32
https://revivalhealthandwellnessgroup.com/performance-anxiety-or-ed-the-hidden-difference-every-man-needs-to-understand-before-choosing-treatment/,0,41,0%,9.83
https://revivalhealthandwellnessgroup.com/womens-hormone-therapy-pahrump-nv/,0,36,0%,7.17
https://revivalhealthandwellnessgroup.com/when-ed-medications-stop-working-why-it-happens-and-what-you-can-do-about-it-in-las-vegas/,0,36,0%,12.89
https://revivalhealthandwellnessgroup.com/gainswave-tm-north-las-vegas-nv/,0,35,0%,29.71
https://revivalhealthandwellnessgroup.com/o-shot-tm-boulder-city-nv/,0,35,0%,37.49
https://revivalhealthandwellnessgroup.com/from-feeling-inflamed-to-feeling-stuck-why-chronic-inflammation-is-sabotaging-your-weight-energy-and-skin/,0,32,0%,12.03
https://revivalhealthandwellnessgroup.com/gainswave-tm-primm-nv/,0,32,0%,43.12
https://revivalhealthandwellnessgroup.com/p-long-summerlin-south-nv/,0,28,0%,19.64
https://revivalhealthandwellnessgroup.com/botox-henderson-nv/,0,27,0%,27.11
https://revivalhealthandwellnessgroup.com/mens-hormone-therapy-enterprise-nv/,0,24,0%,7.04
https://revivalhealthandwellnessgroup.com/gainswave-tm-paradise-nv/,0,24,0%,23.54
https://revivalhealthandwellnessgroup.com/glp-1-north-las-vegas-nv/,0,20,0%,24.2
https://revivalhealthandwellnessgroup.com/o-shot-tm-las-vegas-nv/,0,20,0%,30.7
https://revivalhealthandwellnessgroup.com/gainswave-tm-pahrump-nv/,0,19,0%,37.95
https://revivalhealthandwellnessgroup.com/emsella-mount-charleston-nv/,0,17,0%,13.35
https://revivalhealthandwellnessgroup.com/glp-1-henderson-nv/,0,17,0%,29.29
https://revivalhealthandwellnessgroup.com/p-long-las-vegas-nv/,0,16,0%,10.62
https://revivalhealthandwellnessgroup.com/emsella-boulder-city-nv/,0,16,0%,23
https://revivalhealthandwellnessgroup.com/glp-1-sandy-valley-nv/,0,15,0%,8.87
https://revivalhealthandwellnessgroup.com/o-shot-tm-mount-charleston-nv/,0,14,0%,34.79
https://revivalhealthandwellnessgroup.com/womens-hormone-therapy-enterprise-nv/,0,13,0%,16.54
https://revivalhealthandwellnessgroup.com/mens-hormone-therapy-spring-valley-nv/,0,13,0%,27.62
https://revivalhealthandwellnessgroup.com/p-long-spring-valley-nv/,0,12,0%,11.92
https://revivalhealthandwellnessgroup.com/o-shot-tm-spring-valley-nv/,0,12,0%,34
https://revivalhealthandwellnessgroup.com/gainswave-tm-blue-diamond-nv/,0,11,0%,26.73
https://revivalhealthandwellnessgroup.com/o-shot-tm-north-las-vegas-nv/,0,11,0%,27.91
https://revivalhealthandwellnessgroup.com/womens-hormone-therapy-henderson-nv/,0,10,0%,29
https://revivalhealthandwellnessgroup.com/o-shot-tm-paradise-nv/,0,10,0%,36.4
https://revivalhealthandwellnessgroup.com/womens-hormone-therapy-primm-nv/,0,10,0%,37.5
https://revivalhealthandwellnessgroup.com/glp-1-boulder-city-nv/,0,9,0%,4.33
https://revivalhealthandwellnessgroup.com/emsella-whitney-nv/,0,9,0%,18.22
https://revivalhealthandwellnessgroup.com/p-long-boulder-city-nv/,0,9,0%,49.11
https://revivalhealthandwellnessgroup.com/emsella-summerlin-south-nv/,0,8,0%,8.5
https://revivalhealthandwellnessgroup.com/title/,0,8,0%,11.62
https://revivalhealthandwellnessgroup.com/botox-north-las-vegas-nv/,0,8,0%,40.38
https://revivalhealthandwellnessgroup.com/womens-hormone-therapy-north-las-vegas-nv/,0,8,0%,49.25
https://revivalhealthandwellnessgroup.com/botox-boulder-city-nv/,0,7,0%,5.29
https://revivalhealthandwellnessgroup.com/emsella-paradise-nv/,0,7,0%,9.57
https://revivalhealthandwellnessgroup.com/o-shot-tm-summerlin-south-nv/,0,7,0%,17.57
https://revivalhealthandwellnessgroup.com/p-long-pahrump-nv/,0,7,0%,52.71
https://revivalhealthandwellnessgroup.com/emsella-pahrump-nv/,0,7,0%,61.57
https://revivalhealthandwellnessgroup.com/p-long-mount-charleston-nv/,0,7,0%,62.29
https://revivalhealthandwellnessgroup.com/glp-1-enterprise-nv/,0,6,0%,8.17
https://revivalhealthandwellnessgroup.com/p-long-paradise-nv/,0,6,0%,14.5
https://revivalhealthandwellnessgroup.com/emsella-enterprise-nv/,0,6,0%,23.83
https://revivalhealthandwellnessgroup.com/emsella-spring-valley-nv/,0,6,0%,28.83
https://revivalhealthandwellnessgroup.com/medical-weight-loss-options-las-vegas/,0,6,0%,39.33
https://revivalhealthandwellnessgroup.com/gainswave-tm-mount-charleston-nv/,0,6,0%,52.17
https://revivalhealthandwellnessgroup.com/womens-hormone-therapy-spring-valley-nv/,0,6,0%,52.5
https://revivalhealthandwellnessgroup.com/p-long-primm-nv/,0,6,0%,54.5
https://revivalhealthandwellnessgroup.com/o-shot-tm-whitney-nv/,0,6,0%,55.83
https://revivalhealthandwellnessgroup.com/botox-enterprise-nv/,0,5,0%,6.6
https://revivalhealthandwellnessgroup.com/womens-hormone-therapy-boulder-city-nv/,0,5,0%,7
https://revivalhealthandwellnessgroup.com/mens-hormone-therapy-henderson-nv/,0,5,0%,10.2
https://revivalhealthandwellnessgroup.com/o-shot-tm-primm-nv/,0,5,0%,28
https://revivalhealthandwellnessgroup.com/p-long-whitney-nv/,0,5,0%,39.4
https://revivalhealthandwellnessgroup.com/p-long-sandy-valley-nv/,0,5,0%,42.8
https://revivalhealthandwellnessgroup.com/o-shot-tm-sandy-valley-nv/,0,5,0%,51.8
https://revivalhealthandwellnessgroup.com/womens-hormone-therapy-mount-charleston-nv/,0,4,0%,13.75
https://revivalhealthandwellnessgroup.com/botox-spring-valley-nv/,0,4,0%,14.25
https://revivalhealthandwellnessgroup.com/mens-hormone-therapy-las-vegas-nv/,0,4,0%,19.75
https://revivalhealthandwellnessgroup.com/womens-hormone-therapy-sandy-valley-nv/,0,4,0%,19.75
https://revivalhealthandwellnessgroup.com/wp-content/uploads/2025/08/emsella-1.jpg,0,4,0%,20.25
https://revivalhealthandwellnessgroup.com/mens-hormone-therapy-boulder-city-nv/,0,3,0%,2.67
https://revivalhealthandwellnessgroup.com/mens-hormone-therapy-summerlin-south-nv/,0,3,0%,3.67
https://revivalhealthandwellnessgroup.com/emsella-blue-diamond-nv/,0,3,0%,6.67
https://revivalhealthandwellnessgroup.com/glp-1-mount-charleston-nv/,0,3,0%,6.67
https://revivalhealthandwellnessgroup.com/glp-1-whitney-nv/,0,3,0%,7.33
https://revivalhealthandwellnessgroup.com/mens-hormone-therapy-sandy-valley-nv/,0,3,0%,8
https://revivalhealthandwellnessgroup.com/botox-blue-diamond-nv/,0,3,0%,8.67
https://revivalhealthandwellnessgroup.com/o-shot-tm-enterprise-nv/,0,3,0%,9.67
https://revivalhealthandwellnessgroup.com/o-shot-tm-pahrump-nv/,0,3,0%,10.67
https://revivalhealthandwellnessgroup.com/womens-hormone-therapy-summerlin-south-nv/,0,3,0%,19
https://revivalhealthandwellnessgroup.com/mens-hormone-therapy-blue-diamond-nv/,0,3,0%,40.33
https://revivalhealthandwellnessgroup.com/mens-hormone-therapy-north-las-vegas-nv/,0,3,0%,43.33
https://revivalhealthandwellnessgroup.com/botox-primm-nv/,0,2,0%,4
https://revivalhealthandwellnessgroup.com/glp-1-primm-nv/,0,2,0%,6
https://revivalhealthandwellnessgroup.com/botox-pahrump-nv/,0,2,0%,10
https://revivalhealthandwellnessgroup.com/category/weight-loss/,0,2,0%,24
https://revivalhealthandwellnessgroup.com/wp-content/uploads/2025/08/66e4b0a75adf04985f095408_Emsculpt_Neo-Weight-Loss_PIC_Ba-card-male-lateral-abdomen-011_ENUS100-p-1080.png,0,2,0%,39.5
https://revivalhealthandwellnessgroup.com/womens-hormone-therapy-paradise-nv/,0,2,0%,50
https://revivalhealthandwellnessgroup.com/botox-paradise-nv/,0,2,0%,62.5
https://revivalhealthandwellnessgroup.com/wp-content/uploads/2025/08/How-long-is-the-P-Shot-effective.webp,0,1,0%,3
https://revivalhealthandwellnessgroup.com/?p=1,0,1,0%,4
https://revivalhealthandwellnessgroup.com/author/developer/,0,1,0%,4
https://revivalhealthandwellnessgroup.com/wp-content/uploads/2025/08/Image_20250829_162858_851.jpeg,0,1,0%,4
https://revivalhealthandwellnessgroup.com/mens-hormone-therapy-mount-charleston-nv/,0,1,0%,5
https://revivalhealthandwellnessgroup.com/mens-hormone-therapy-primm-nv/,0,1,0%,5
https://revivalhealthandwellnessgroup.com/category/p-long/,0,1,0%,6
https://revivalhealthandwellnessgroup.com/mens-hormone-therapy-paradise-nv/,0,1,0%,6
https://revivalhealthandwellnessgroup.com/wp-content/uploads/2025/08/64fe407c6c52fe1a51db4ba8_kybella-3.webp,0,1,0%,6
https://revivalhealthandwellnessgroup.com/wp-content/uploads/2025/09/EMSCULPT-NEO-TREATMENT-AREAS.jpg,0,1,0%,6
https://revivalhealthandwellnessgroup.com/mens-hormone-therapy-whitney-nv/,0,1,0%,9
https://revivalhealthandwellnessgroup.com/wp-content/uploads/2025/08/Image_20250829_162859_013.jpeg,0,1,0%,12
https://revivalhealthandwellnessgroup.com/wp-content/uploads/2025/08/computer-screen-with-remote-doctor-having-online-videocall-meeting-conference-standing-table-empty-hospital-office-telework-videoconference-call-medical-consultation-medicine-concept-scaled-e1756122760804.jpg,0,1,0%,12
https://revivalhealthandwellnessgroup.com/wp-content/uploads/2025/08/5e7e9f4ed4a27-e1756384143412.jpeg,0,1,0%,14
https://revivalhealthandwellnessgroup.com/wp-content/uploads/2025/11/52de2971-7a2b-4af3-90a8-52abe7999095.webp,0,1,0%,16
https://revivalhealthandwellnessgroup.com/wp-content/uploads/2025/08/Luxury-Living-in-Dubai-South-11-e1756261071378.png,0,1,0%,17
https://revivalhealthandwellnessgroup.com/wp-content/uploads/2025/08/Image_20250829_162858_691.jpeg,0,1,0%,18
https://revivalhealthandwellnessgroup.com/wp-content/uploads/2025/08/Luxury-Living-in-Dubai-South-3-e1756038721930.png,0,1,0%,25
https://revivalhealthandwellnessgroup.com/wp-content/uploads/2025/08/66ce5f6fe2e2072471789b60_revival-logo-full-color@3x-p-1600.png,0,1,0%,28