Top queries,Clicks,Impressions,CTR,Position
revival health and wellness,846,5475,15.45%,3.31
revival health and wellness las vegas,191,910,20.99%,1.5
revival health,53,1454,3.65%,8.19
revival las vegas,18,225,8%,1.85
tirzepatide las vegas,15,321,4.67%,16.67
revival,14,571,2.45%,3.74
revival wellness,14,533,2.63%,10.54
iv therapy near me,14,103,13.59%,10.49
peptides near me,13,138,9.42%,3.38
revival med spa,10,31,32.26%,2.77
hormone replacement therapy,9,415,2.17%,3.87
iv therapy las vegas,9,119,7.56%,3.78
tirzepatide near me,9,71,12.68%,6.55
b12 shots near me,9,39,23.08%,2.21
hormone replacement therapy las vegas,8,2078,0.38%,28.21
revive health and wellness,8,106,7.55%,16.02
glp 1 las vegas,7,75,9.33%,8.03
phentermine,7,34,20.59%,9.53
peptide injections las vegas,6,721,0.83%,48.34
emsculpt neo las vegas,6,342,1.75%,30.01
emsella chair las vegas,6,85,7.06%,5.81
p shot las vegas,5,1766,0.28%,13.57
sermorelin las vegas,5,1282,0.39%,38.94
emsculpt las vegas,5,196,2.55%,44.27
weight loss clinic las vegas,5,163,3.07%,25.27
revival health and wellness photos,5,103,4.85%,3.9
peptide therapy near me,5,98,5.1%,3.66
peptide injections,5,91,5.49%,5.68
iv therapy,5,62,8.06%,3.34
functional medicine las vegas,5,59,8.47%,17.86
peptide doctors near me,5,13,38.46%,2.31
hrt las vegas,4,1772,0.23%,26.71
revive wellness,4,176,2.27%,3.7
weight loss las vegas,4,142,2.82%,31.48
bioidentical hormone replacement therapy,4,141,2.84%,3.3
weight loss clinic,4,123,3.25%,12.28
revival weight loss,4,116,3.45%,6.51
emsella chair near me,4,77,5.19%,2.26
revival clinic,4,74,5.41%,9.84
glp 1 near me,4,38,10.53%,3.5
glp-1 near me,4,36,11.11%,2.28
b12 shots,4,27,14.81%,5.37
med spa las vegas,4,22,18.18%,20.05
wellness clinics near me,4,7,57.14%,1.86
nad+ injections near me,4,7,57.14%,3.29
emsculpt,3,662,0.45%,1.35
wellness clinic las vegas,3,608,0.49%,34.83
revival health and wellness reviews,3,449,0.67%,10.39
revival health and wellness clinic,3,366,0.82%,8.49
trt las vegas,3,210,1.43%,24.08
vitamin shots near me,3,188,1.6%,44.68
hormone specialist las vegas,3,130,2.31%,20.82
hrt therapy,3,125,2.4%,4.24
revive las vegas,3,88,3.41%,13.22
hormone replacement therapy near me,3,65,4.62%,6.98
emsella las vegas,3,60,5%,10.7
weight loss clinic near me,3,45,6.67%,7.13
o shot near me,3,32,9.38%,26.16
hormone replacement therapy for women,3,30,10%,4.7
revive wellness center,3,19,15.79%,5.84
tirzepatide las vegas nv,3,17,17.65%,13.18
best trt clinic in las vegas,3,15,20%,9.47
reta peptide near me,3,11,27.27%,5.55
peptide treatment near me,3,10,30%,2.1
retatrutide peptide near me,3,10,30%,3.2
revival spa,3,6,50%,1.5
revival medspa,3,5,60%,1.2
7220 s cimarron rd,2,646,0.31%,9.43
glp-1 las vegas,2,453,0.44%,36.42
revival hormone health,2,437,0.46%,6.51
medical weight loss las vegas,2,386,0.52%,31.94
wellness center las vegas,2,227,0.88%,7.56
revival.health.wellness,2,100,2%,6.5
weight loss clinics las vegas,2,70,2.86%,29.61
vitamin d shots near me,2,69,2.9%,43.1
vitamin d injections near me,2,64,3.12%,28.7
trt clinic las vegas,2,50,4%,22.86
bhrt las vegas,2,42,4.76%,29.24
coolsculpting near me,2,41,4.88%,4.27
hormone doctor,2,36,5.56%,2.64
semaglutide weight loss las vegas,2,31,6.45%,10.9
female hormone specialist las vegas,2,27,7.41%,8.85
botox near me,2,26,7.69%,21
coolsculpting las vegas,2,23,8.7%,5.87
glutathione injections near me,2,23,8.7%,12.65
hormone testing,2,21,9.52%,3.33
emsculpt neo near me,2,20,10%,1
hrt near me,2,19,10.53%,3.21
peptides injections,2,19,10.53%,5.11
peptides clinic near me,2,18,11.11%,2.17
trt therapy,2,18,11.11%,11.22
glutathione injections,2,17,11.76%,2.65
women's hormone specialist near me,2,17,11.76%,4.47
cool sculpting las vegas,2,17,11.76%,5.41
botox las vegas,2,16,12.5%,36
weight loss shots,2,15,13.33%,5.07
b12 shot near me,2,13,15.38%,2.08
women's hormone therapy near me,2,12,16.67%,15
wellness spa,2,11,18.18%,18.64
retatrutide near me,2,10,20%,38.7
med spa near me,2,8,25%,27.5
hormone testing near me,2,7,28.57%,3
glp 1 clinic near me,2,7,28.57%,3.14
med spas near me,2,7,28.57%,9
peptides for weight loss las vegas,2,7,28.57%,19.71
menopause treatment near me,2,6,33.33%,1
weight loss med spa,2,6,33.33%,5.17
peptides injections near me,2,6,33.33%,5.5
reviva health,2,5,40%,2.2
wellness centers near me,2,5,40%,27
the o shot near me,2,4,50%,3.5
medspa weight loss near me,2,3,66.67%,1.33
best trt clinic near me,2,3,66.67%,2
holistic endocrinologist near me,2,3,66.67%,2
where to get testosterone for women,2,3,66.67%,6
b-12 shots near me,2,2,100%,1
bioidentical hormone replacement pellets near me,2,2,100%,1
where can i get semaglutide,2,2,100%,2
tirzepatide near me cost,2,2,100%,15.5
p-long las vegas,1,1276,0.08%,6.78
peptide therapy las vegas,1,1159,0.09%,43.96
o shot las vegas,1,1123,0.09%,19.91
emsculpt neo,1,974,0.1%,1.08
shockwave therapy for ed las vegas,1,969,0.1%,23.08
weight loss,1,703,0.14%,2.15
vitamin injections near me,1,385,0.26%,40.44
emsculpt neo henderson,1,325,0.31%,16.37
revival wellness clinic,1,262,0.38%,15.68
wellness,1,217,0.46%,2.66
med spa,1,212,0.47%,2.88
sermorelin near me,1,168,0.6%,58.23
hormone therapy,1,163,0.61%,3.33
semaglutide injections las vegas,1,160,0.62%,45.1
las vegas gainswave,1,135,0.74%,20.27
p-shot las vegas,1,130,0.77%,13.97
las vegas p shot,1,111,0.9%,18.37
revival health and wellness weight loss program,1,110,0.91%,4.51
weight loss injections las vegas,1,109,0.92%,34.62
hormone therapy near me,1,107,0.93%,1.38
revive men's health,1,100,1%,26.16
sermorelin peptide near me,1,97,1.03%,25.29
revival health wellness,1,95,1.05%,6.98
revive,1,93,1.08%,2.55
wellness clinic near me,1,86,1.16%,2.65
phentermine las vegas,1,74,1.35%,23.55
testosterone,1,65,1.54%,5.86
weight loss medication las vegas,1,65,1.54%,40.82
regenerative medicine las vegas,1,62,1.61%,3.06
iv,1,62,1.61%,4.27
weight loss near me,1,61,1.64%,10.16
ozempic las vegas,1,60,1.67%,22.3
dysport las vegas,1,54,1.85%,72.15
biote,1,50,2%,4.76
weight loss injections,1,50,2%,6.5
b12 injections las vegas,1,49,2.04%,39.69
sculptra,1,44,2.27%,17.89
revivo,1,39,2.56%,2.74
semaglutide near me,1,38,2.63%,5.18
health & wellness,1,37,2.7%,1.89
las vegas trt clinic,1,37,2.7%,47.22
b12 injections near me,1,34,2.94%,1.97
bio identical hormone therapy,1,31,3.23%,3.39
ultherapy las vegas,1,31,3.23%,4.48
trt in las vegas,1,30,3.33%,42
revival medical,1,27,3.7%,20.67
revival wellness spa,1,27,3.7%,20.96
peptide clinic near me,1,26,3.85%,3.46
prp injections,1,26,3.85%,6.96
prp,1,26,3.85%,8.08
trt clinic near me,1,26,3.85%,12.73
hormone therapy for women,1,25,4%,3
vitamin booster shots near me,1,25,4%,22.84
revival restoring wellness,1,23,4.35%,11.35
las vegas testosterone,1,23,4.35%,48.65
retatrutide peptide las vegas,1,22,4.55%,5.27
revital health and wellness clinics,1,22,4.55%,10.82
glp1 near me,1,21,4.76%,4.14
bioidentical hormone replacement therapy las vegas,1,21,4.76%,4.86
p shot near me,1,20,5%,3.55
revival health & wellness,1,20,5%,3.95
peptide near me,1,19,5.26%,6.16
prp las vegas,1,19,5.26%,31.89
weight loss in las vegas nevada,1,18,5.56%,50.83
iv near me,1,17,5.88%,5.76
cool sculpting,1,17,5.88%,6.53
peptide therapy,1,17,5.88%,7.47
functional medicine doctor near me,1,16,6.25%,2.5
p long reviews,1,16,6.25%,2.69
hrt therapy near me,1,16,6.25%,3.5
bpc-157 las vegas,1,16,6.25%,53.62
ed clinic las vegas,1,16,6.25%,64
body contouring las vegas,1,15,6.67%,3.67
o shot hawaii,1,15,6.67%,9.67
revival aesthetics and wellness,1,15,6.67%,17.07
peptide clinics near me,1,14,7.14%,1.79
phentermine near me,1,14,7.14%,13.14
women's hrt near me,1,14,7.14%,86.29
inbody scan near me,1,13,7.69%,2.77
coolsculpting,1,13,7.69%,8.23
holistic doctor near me,1,13,7.69%,14.08
womens hormone therapy las vegas,1,13,7.69%,20.31
everesse las vegas,1,12,8.33%,10.17
testosterone las vegas,1,12,8.33%,12.67
hrt doctors near me,1,11,9.09%,7.18
revive weight loss,1,11,9.09%,41.27
glp-1 clinic near me,1,10,10%,4.2
revive medical,1,10,10%,5.8
iv therapy clinic,1,10,10%,6.4
shockwave therapy,1,10,10%,10.6
las vegas testosterone therapy,1,10,10%,13.8
weight loss spa,1,10,10%,24.1
las vegas wellness center,1,10,10%,28.5
fasting retreat near me,1,9,11.11%,1
wellness clinic,1,9,11.11%,7
testosterone clinic near me,1,9,11.11%,7.56
vitamin b12 shots near me,1,9,11.11%,15.11
weight loss clinic las vegas phentermine,1,9,11.11%,20.89
tesamorelin near me,1,9,11.11%,33.78
iv clinic near me,1,8,12.5%,1.5
best hormone replacement therapy,1,8,12.5%,4.5
bhrt near me,1,8,12.5%,4.62
emsculpt near me,1,8,12.5%,5.88
ozempic near me,1,8,12.5%,9.75
wellness doctor near me,1,7,14.29%,2
fasting retreat,1,7,14.29%,2.14
revival home health care,1,7,14.29%,2.43
tirzepatide clinic near me,1,7,14.29%,2.71
shockwave therapy las vegas,1,7,14.29%,3.29
iv hydration near me,1,7,14.29%,4.71
peptides doctor near me,1,7,14.29%,6.57
body contouring,1,7,14.29%,7
emsella treatment near me,1,7,14.29%,15.29
hrt clinic,1,6,16.67%,1.17
tirzepatide shots near me,1,6,16.67%,2.67
semaglutide weight loss injections near me,1,6,16.67%,3.5
testosterone clinics near me,1,6,16.67%,3.67
glutathione injection,1,6,16.67%,5.5
weight loss clinics near me,1,6,16.67%,8.67
women's hormone replacement therapy,1,6,16.67%,11.33
immune booster shots near me,1,6,16.67%,24.33
iv places near me,1,5,20%,1
trimix las vegas,1,5,20%,3.4
testosterone therapy,1,5,20%,3.6
male enlargement injections near me,1,5,20%,4.8
glp shots near me,1,5,20%,6.2
ultherapy near me,1,5,20%,7
microneedling with prp las vegas,1,5,20%,8
weight loss clinics in las vegas,1,5,20%,18
tirzepatide summerlin,1,5,20%,23.4
hormone doctors near me,1,4,25%,1
peptide wellness near me,1,4,25%,1.75
peptides doctors near me,1,4,25%,1.75
weight loss retreats near me,1,4,25%,1.75
weight loss spa near me,1,4,25%,2.5
women's hormone and weight loss clinic,1,4,25%,3
peptide doctor,1,4,25%,3.25
diet doctor,1,4,25%,7
trt clinics near me,1,4,25%,7.75
hormone replacement therapy pellets,1,4,25%,8.25
revive mens hair clinic las vegas,1,4,25%,12
med spa las vegas semaglutide,1,4,25%,15.25
bio identical hormone replacement therapy near me,1,3,33.33%,1
hormone testing for women near me,1,3,33.33%,1
hormone therapy doctors near me,1,3,33.33%,1
kenalog injection near me,1,3,33.33%,1
mots-c peptide near me,1,3,33.33%,1
peptide and hormone therapy near me,1,3,33.33%,1
peptides for weight loss near me,1,3,33.33%,1
testosterone therapy near me,1,3,33.33%,1
black owned clinics near me,1,3,33.33%,1.67
peptide clinics,1,3,33.33%,1.67
ghkcu peptide near me,1,3,33.33%,2
hifem treatment near me,1,3,33.33%,2
trt replacement therapy,1,3,33.33%,3
bioidentical hormone replacement near me,1,3,33.33%,3.33
functional doctor,1,3,33.33%,3.33
tirzepatide weight loss clinic,1,3,33.33%,3.67
weight loss doctor,1,3,33.33%,4
best peptide clinics,1,3,33.33%,4.33
best peptide therapy near me,1,3,33.33%,4.67
glp-1 doctor near me,1,3,33.33%,7
hormone replacement therapy henderson nv,1,3,33.33%,7.67
prp injections for hair loss near me,1,3,33.33%,8
b12 injection near me,1,3,33.33%,8.67
hormone pellets near me,1,3,33.33%,9.33
hair loss treatment,1,3,33.33%,12
las vegas iv,1,3,33.33%,14.33
mens wellness hormones,1,3,33.33%,21.67
pellet therapy near me,1,3,33.33%,30
everesse,1,3,33.33%,37
hormone treatment centers near me,1,3,33.33%,55
glutathione near me,1,2,50%,1
hrt pellets near me,1,2,50%,1
hrt replacement therapy near me,1,2,50%,1
med spa glp 1,1,2,50%,1
med spa glp 1 near me,1,2,50%,1
med spa semaglutide near me,1,2,50%,1
nad+ therapy near me,1,2,50%,1
p-shot treatment near me,1,2,50%,1
peptide provider near me,1,2,50%,1
peptide therapy clinic near me,1,2,50%,1
weight loss camp,1,2,50%,1
glp1 med spa near me,1,2,50%,1.5
klow peptide near me,1,2,50%,1.5
where can i get tirzepatide near me,1,2,50%,1.5
hormone imbalance doctor near me,1,2,50%,2
where can i get my hormone levels checked near me,1,2,50%,2
hormone women doctor,1,2,50%,2.5
prp treatment las vegas,1,2,50%,3
g-shot injection near me,1,2,50%,3.5
hormone optimization for women,1,2,50%,3.5
reviv health and wellness,1,2,50%,3.5
fasting clinic,1,2,50%,4
glutathione drip near me,1,2,50%,4
weight loss spas near me,1,2,50%,4
mounjaro weight loss near me,1,2,50%,4.5
prp for hair growth,1,2,50%,4.5
mounjaro las vegas,1,2,50%,5
wellness spa near me,1,2,50%,5
where can i get retatrutide near me,1,2,50%,5
iv vitamins therapy near me,1,2,50%,5.5
vitamin iv las vegas,1,2,50%,5.5
hrt clinics,1,2,50%,7
revival organics,1,2,50%,7
holistic doctors near me,1,2,50%,8
women's weight loss,1,2,50%,10
functional medicine clinics near me,1,2,50%,11
compounded tirzepatide near me,1,2,50%,13
nutrition programs for weight loss,1,2,50%,13
b12 shot,1,2,50%,14
home iv therapy,1,2,50%,17.5
medspa ozempic near me,1,2,50%,19
laser hair removal las vegas,1,2,50%,20
top rated medspa,1,2,50%,21
medspas near me,1,2,50%,45.5
b vitamin injections near me,1,1,100%,1
b-12 store near me,1,1,100%,1
best hormone doctor near me,1,1,100%,1
best hrt doctor near me,1,1,100%,1
blood hormone test near me,1,1,100%,1
concierge iv therapy,1,1,100%,1
fat burning injections near me,1,1,100%,1
functional doctor near me,1,1,100%,1
genesis lifestyle medicine locations,1,1,100%,1
glp-1 support group near me,1,1,100%,1
hcg near me,1,1,100%,1
hgh treatment near me,1,1,100%,1
holistic women's health near me,1,1,100%,1
hormone blood test near me,1,1,100%,1
hormone clinic for women near me,1,1,100%,1
hormone replacement therapy and weight loss near me,1,1,100%,1
hormone replacement therapy biote,1,1,100%,1
hormone therapy clinic near me,1,1,100%,1
hormone therapy med spa,1,1,100%,1
i v therapy near me,1,1,100%,1
iv appointment,1,1,100%,1
iv injections near me,1,1,100%,1
las vegas nutritionist,1,1,100%,1
liquid lipo shots near me,1,1,100%,1
med spas with glp 1 near me,1,1,100%,1
medspa tirzepatide near me,1,1,100%,1
nad iv therapy las vegas,1,1,100%,1
o shot for women near me,1,1,100%,1
o'shot near me,1,1,100%,1
peptide therapy clinic las vegas,1,1,100%,1
prp facial injections near me,1,1,100%,1
skinny shot injection near me,1,1,100%,1
spa las vegas,1,1,100%,1
spas near me,1,1,100%,1
testostrone clinic,1,1,100%,1
top rated iv therapy near me,1,1,100%,1
trizepatide near me,1,1,100%,1
vigina tightening near me,1,1,100%,1
vitamin c iv therapy,1,1,100%,1
vtone treatment near me,1,1,100%,1
weight loss clinic near me tirzepatide,1,1,100%,1
weight loss management near me,1,1,100%,1
weight loss pills near me,1,1,100%,1
weight loss tirzepatide near me,1,1,100%,1
where can i get a body composition test,1,1,100%,1
where can i get semaglutide near me,1,1,100%,1
where to get weight loss injections near me,1,1,100%,1
dr elara brisbin,1,1,100%,2
hgh near me,1,1,100%,2
iv nad+ therapy,1,1,100%,2
male hormone doctor,1,1,100%,2
revibe health and wellness,1,1,100%,2
vitamin b12 shot,1,1,100%,2
weight loss acupuncture,1,1,100%,2
where to get hormones tested,1,1,100%,2
medspa peptides,1,1,100%,4
testosterone iv drip,1,1,100%,4
hgh treatment,1,1,100%,5
lindora clinics,1,1,100%,5
men's hormone therapy near me,1,1,100%,5
male hormone clinic near me,1,1,100%,6
weight loss dr las vegas,1,1,100%,6
b 12 shot near me,1,1,100%,7
vitamin b12 injection,1,1,100%,8
top rated microneedling,1,1,100%,9
biote hormones,1,1,100%,11
best chelation therapy,1,1,100%,13
female holistic doctors near me,1,1,100%,18
semaglutide clinic,1,1,100%,18
nevada weight loss,1,1,100%,21
skin clinics,1,1,100%,21
holistic doctor near me open now,1,1,100%,29
botox near me open today,1,1,100%,30
concierge doctor las vegas,1,1,100%,41
health care clinics,1,1,100%,101
hormone therapy las vegas,0,1940,0%,28.55
gainswave henderson,0,1875,0%,9.21
gainswave las vegas,0,1781,0%,12.45
p shot henderson,0,1396,0%,8.26
emsella for erectile dysfunction,0,1147,0%,26.12
o shot henderson,0,1048,0%,9.55
"clinics offering advanced sexual wellness treatments for men and women in 
las vegas",0,999,0%,4.89
prp hair restoration las vegas,0,947,0%,58.91
shockwave therapy for women las vegas,0,875,0%,13.38
shockwave therapy for ed henderson,0,816,0%,59.5
prp hair injections henderson,0,778,0%,15.23
p shot grand rapids mi,0,724,0%,33.84
kybella henderson,0,724,0%,35.75
prp hair restoration henderson,0,704,0%,17.2
prp hair injections las vegas,0,650,0%,69.1
coolpeel laser treatment in las vegas,0,622,0%,10.99
coolpeel laser skin resurfacing in las vegas,0,620,0%,11.51
sermorelin henderson,0,595,0%,62.8
hormone replacement therapy henderson,0,569,0%,65.14
restorative medicine,0,531,0%,1.05
hgh las vegas,0,499,0%,16.45
"revival health and wellness clinic, medical clinic, salem",0,494,0%,12.47
femiwave las vegas,0,469,0%,55.48
phentermine average weight loss,0,462,0%,65.18
p-long los angeles,0,452,0%,31.33
priapus toxin spring branch tx,0,450,0%,15.03
b12 injections denver,0,417,0%,2.91
summerlin gainswave,0,412,0%,33.35
p shot murfreesboro tn,0,409,0%,39.57
testosterone therapy henderson,0,395,0%,73.83
modern wellness clinic,0,384,0%,11.24
medical spa,0,378,0%,4.36
shockwave therapy for ed grapevine,0,376,0%,10.45
shockwave therapy for ed hendersonville,0,371,0%,10.94
p shot sterling heights,0,333,0%,51.34
gainswave summerlin,0,332,0%,33.39
o shot grand rapids mi,0,331,0%,57.61
o shot murfreesboro tn,0,326,0%,38.2
growth hormone therapy las vegas,0,313,0%,26.47
revival wellness center,0,307,0%,19.9
bpc 157 las vegas,0,286,0%,56.41
glutathione shots las vegas,0,283,0%,51.64
emsella,0,275,0%,66.33
phentermine denver,0,268,0%,1
p-long frisco,0,263,0%,49.46
lifestyle medicine consult las vegas nv,0,253,0%,8.22
shockwavetherapy,0,248,0%,1
revival health and wellness bioidentical hormone therapy,0,243,0%,3.25
viagra las vegas,0,241,0%,35.42
o shot tempe,0,240,0%,70.68
peptide injections henderson,0,240,0%,73.53
glutathione las vegas,0,239,0%,53.89
peptide therapy henderson,0,235,0%,59.26
revival health and wellness official website,0,233,0%,2.15
p shot summerlin,0,231,0%,16.18
"p shot mystic, ct",0,229,0%,46.06
body rejuvenation,0,226,0%,53.14
revival health and wellness sexual wellness treatments,0,224,0%,2.77
scar concealment,0,218,0%,26.28
"""welness blog"" comment thread athletic woman stopped birth control bmi",0,216,0%,6.53
botox,0,214,0%,2.8
gainswave murfreesboro tn,0,214,0%,67.38
glp-1 henderson,0,213,0%,57.19
revival health and wellness vs medical weight loss programs,0,212,0%,2.1
best glp-1 supplement for weight loss,0,208,0%,1
revival health and wellness iv hydration,0,207,0%,3.31
emsella for ed,0,204,0%,26.79
hormonal balance through emsella,0,204,0%,39.16
sexual wellness prp shot male san jose,0,201,0%,26.32
experienced hormone replacement therapy providers in the las vegas area,0,200,0%,4.6
glutathione injections las vegas,0,200,0%,50.23
prp therapy las vegas,0,199,0%,5.78
"revival, medical & health, winterset",0,198,0%,15.04
emsculpt henderson,0,197,0%,40.34
stress management,0,190,0%,11.65
summerlin p shot,0,189,0%,20.44
phentermine weight loss results,0,189,0%,70.04
hormone and metabolism clinic las vegas,0,187,0%,29.52
revival health and wellness sexual wellness treatments comparison,0,186,0%,1.27
o shot hendersonville,0,183,0%,22.7
henderson gainswave,0,183,0%,24.75
body contouring near me,0,180,0%,1.45
"growth hormone optimization hingham, ma",0,179,0%,19.05
peptides for fat loss las vegas,0,176,0%,58.71
gainswave for women,0,175,0%,20.09
erectile dysfunction las vegas,0,175,0%,90.8
cellular healing near me,0,172,0%,18.88
fitness nutrition specialist,0,164,0%,1.1
las vegas hormone therapy,0,159,0%,5.23
growth hormone optimization,0,157,0%,34.58
body contouring in las vegas,0,155,0%,1
hormone therapy for depression las vegas,0,151,0%,77.38
best las vegas weight loss programs with hormones,0,150,0%,8.97
las vegas age management specialist,0,143,0%,9.08
hormone therapy las vegas nv,0,142,0%,2.67
las vegas bioidentical hormone replacement therapy,0,142,0%,44.56
"weight loss, hormone, and longevity services",0,142,0%,49.87
metabolism booster injections las vegas,0,141,0%,11.28
hormone balancing skin rejuvenation programs las vegas,0,138,0%,9.44
buy hgh las vegas,0,138,0%,10.9
best age management clinic las vegas,0,137,0%,1.94
reviv las vegas,0,134,0%,57.56
trimix for ed las vegas,0,133,0%,9.77
tetra pro baton rouge,0,131,0%,41.66
semaglutide injections in las vegas,0,131,0%,81.56
p-long protocol before and after,0,130,0%,10.27
ozempic shots las vegas,0,130,0%,53.05
glp-1 stockton,0,130,0%,81.54
glp-1 paradise,0,128,0%,5.91
age management clinic las vegas,0,127,0%,1.75
las vegas hormone replacement center,0,126,0%,1.26
hormone balance weight loss las vegas,0,126,0%,10.01
tetra co2 laser las vegas,0,124,0%,4.55
revival medicine,0,124,0%,6.58
hormone replacement clinic las vegas,0,123,0%,1.07
which clinics offer sexual wellness treatments for men and women?,0,122,0%,4.08
emsculpt henderson nv,0,120,0%,40.91
priapus shot las vegas,0,118,0%,13.98
gainswave therapy,0,118,0%,46.98
iv hydration therapy saddlehorn nv,0,118,0%,82.18
revitalize,0,117,0%,2.03
hormone weight loss las vegas,0,117,0%,13.4
health and wellness las vegas,0,117,0%,15.62
glutathione injection las vegas,0,117,0%,47.3
hormone therapy for women las vegas,0,116,0%,1.31
enhance health with emsculpt,0,115,0%,27.06
vitamin wellness summerlin,0,113,0%,21.53
low libido treatment men las vegas,0,111,0%,33.94
iv hydration sparks nv,0,111,0%,70.16
low libido treatment las vegas,0,110,0%,66.11
vitamin injections winter garden,0,108,0%,51.21
henderson p shot,0,107,0%,11.8
bioidentical hormones weight loss las vegas,0,107,0%,14.85
menopause weight loss las vegas,0,106,0%,16.05
women's weight loss clinic las vegas,0,106,0%,17.78
hgh therapy for men summerlin,0,106,0%,24.96
boost shots near me,0,106,0%,27.14
trimix injections las vegas,0,105,0%,9.67
b12 shots weight loss las vegas,0,105,0%,40.99
las vegas hormone replacement doctor,0,104,0%,2.1
"is it clinics offering advanced sexual wellness treatments for men and 
women in las vegas",0,103,0%,5.87
"emsella, salem, nh",0,103,0%,56.07
low sex drive treatment las vegas,0,103,0%,61.63
"xeomin treatment in union, ky",0,102,0%,45.67
xeomin barrington,0,102,0%,72.12
best age management doctor las vegas,0,101,0%,1.58
hormone pellet therapy enterprise,0,101,0%,9.24
scar concealment solutions,0,101,0%,18.57
weight loss shots las vegas,0,101,0%,65.4
revival functional hydration hydration efficiency,0,99,0%,6.54
lifestyle weight loss program las vegas,0,99,0%,29.3
hormone replacement for women las vegas,0,98,0%,4.76
priapus toxin new braunfels,0,98,0%,27.97
summerlin vitamin wellness,0,98,0%,35.57
botox hendersonville,0,97,0%,7.13
co2 laser las vegas,0,97,0%,44.26
p-long gilbert az,0,97,0%,48.18
p shot spring branch tx,0,97,0%,77.56
bioidentical hormones for women las vegas,0,96,0%,3.58
cjc 1295 las vegas,0,96,0%,36.01
las vegas medical spa for weight loss,0,95,0%,1.21
p shot denver,0,95,0%,10.97
age management las vegas,0,94,0%,1.93
medspa,0,93,0%,1.85
revival health and wellness injectables clinic,0,93,0%,2.38
revivl wellness,0,93,0%,17.82
gainswave hendersonville,0,92,0%,7.71
xeomin summerlin,0,92,0%,8.86
"xeomin injections in union, ky",0,91,0%,52.52
ed risk factors,0,89,0%,67.58
hormone imbalance test las vegas,0,88,0%,1.41
men's revival,0,88,0%,18.09
glp-1 treatment las vegas,0,88,0%,28.76
revival health and wellness vs other injectables clinics,0,87,0%,2.02
hormone replacement therapy las vegas nv,0,87,0%,32.06
"xeomin, corrales, nm",0,86,0%,54.95
weight loss clinic summerlin,0,85,0%,23.64
las vegas vitamin wellness,0,85,0%,25.55
o-shot detroit,0,85,0%,59.47
semaglutide shots las vegas,0,85,0%,85.38
iv hydration therapy reno nv,0,84,0%,75.02
perimenopause treatment las vegas,0,83,0%,1
peptides for ed las vegas,0,83,0%,72.71
bioidentical hormone therapy pellets las vegas,0,82,0%,1
low libido treatment women las vegas,0,82,0%,56.6
testosterone replacement therapy,0,81,0%,4.69
viagra pro,0,81,0%,47.54
"emsella milford, mi",0,81,0%,72.68
semaglutide prescription las vegas,0,80,0%,11.21
vitamin wellness las vegas,0,80,0%,24.43
natomas gainswave,0,80,0%,34.05
o shot detroit,0,80,0%,61.16
erectile dysfunction summerlin,0,79,0%,26.82
hormone replacement las vegas,0,79,0%,35.75
men’s sexual wellness treatment south jordan,0,79,0%,43.47
trt for women las vegas,0,78,0%,9.31
henderson kybella,0,78,0%,19.19
individualized weight control in southern nevada,0,78,0%,21.38
vitality weight loss las vegas,0,77,0%,68.53
injections for weight loss in las vegas,0,77,0%,69.83
shockwave therapy for women henderson,0,76,0%,20.95
p shot carson city,0,76,0%,27.97
hrt,0,75,0%,6.8
revival women's health,0,75,0%,7.15
medical weight loss las vegas nv,0,75,0%,63.84
age management doctor las vegas,0,74,0%,1.72
revival winterset,0,74,0%,8.96
weight loss resistance,0,74,0%,60.26
clinical sexual health in las vegas,0,74,0%,83
revival functional hydration company profile,0,73,0%,8.18
summerlin erectile dysfunction,0,73,0%,38.45
erectile dysfunction treatment las vegas,0,73,0%,74.64
gainswave centennial,0,72,0%,13.33
gainswave frisco,0,72,0%,14.15
weight loss near me las vegas,0,72,0%,28.82
hrt solutions in nevada,0,72,0%,46.03
hormone replacement therapy hunt valley,0,72,0%,49.29
revive md,0,71,0%,2.08
sermorelin therapy las vegas,0,71,0%,7.03
grayhawk gainswave,0,71,0%,14.38
las vegas hgh therapy,0,71,0%,18.17
p shot kaysville,0,71,0%,34.1
revival health and wellness bioidentical hormone therapy comparison,0,70,0%,2.39
las vegas hgh,0,70,0%,12.96
hormone pellet therapy summerlin,0,70,0%,15.24
o-shot las vegas,0,70,0%,22.33
thyroid weight loss las vegas,0,70,0%,39.1
revive iv las vegas,0,70,0%,58.01
sexual wellness clinic midvale,0,70,0%,68.34
metabolic testing las vegas nv,0,70,0%,74.7
p shot pewaukee,0,69,0%,52.09
peptides weight loss las vegas,0,69,0%,60.93
ed treatment henderson nv,0,68,0%,45.57
zepbound las vegas,0,68,0%,59.22
peptide clinic las vegas,0,67,0%,33.25
lip filler las vegas,0,67,0%,38.07
penile shockwave therapy las vegas,0,67,0%,73.42
health and wellness,0,66,0%,2.58
holistic wellness las vegas,0,66,0%,77.32
7220 south cimarron road,0,65,0%,9.98
gainswave treatment in aloha or,0,64,0%,13.7
summerlin hormone pellet therapy,0,64,0%,16.86
pellet therapy,0,63,0%,2.19
revive health,0,63,0%,6.3
anti-aging clinic las vegas,0,63,0%,15.81
all revive wellness,0,63,0%,53
p shot yakima,0,63,0%,65.27
semaglutide for weight loss near me,0,61,0%,1
iv hydration therapy virginia foothills nv,0,61,0%,89.67
hormone replacement therapy summerlin,0,60,0%,23.77
weight loss eaton rapids,0,60,0%,24.2
hrt henderson,0,60,0%,36.25
trt summerlin,0,60,0%,37.52
las vegas hgh therapy for men,0,59,0%,32.07
semaglutide summerlin,0,59,0%,32.14
o shot hunt valley,0,59,0%,38.15
las vegas trt,0,59,0%,48.15
sexual health services in las vegas,0,59,0%,83.75
medical weight loss near me las vegas,0,58,0%,2.07
shockwave therapy for women grapevine,0,58,0%,3.95
testosterone therapy las vegas,0,58,0%,7.97
b12 shots las vegas,0,58,0%,37.69
p shot oak brook,0,58,0%,61.48
weight loss programs las vegas nv,0,58,0%,68.03
phentermine weight loss,0,58,0%,78.59
sexual wellness las vegas,0,57,0%,25.37
viagra in las vegas,0,56,0%,10.12
vitamin shots clinic,0,56,0%,19.73
summerlin testosterone therapy,0,56,0%,33.93
hrt specialist in nevada,0,56,0%,64.39
"what are the best clinics offering peptide therapy for metabolism, 
recovery, or hormone support?",0,55,0%,12.25
revival salem il,0,54,0%,9.3
peptides las vegas,0,54,0%,24.59
"emsella™ in sebring, fl",0,54,0%,42.7
rmr testing in las vegas nv,0,54,0%,52.43
coolpeel laser treatment,0,54,0%,80.67
penile botox before and after,0,53,0%,1
revival wellness and weight loss,0,53,0%,7.4
quickest sexual wellness solutions for clinics,0,53,0%,9.17
gainswave for her,0,53,0%,10.83
ed injection therapy las vegas,0,53,0%,16.91
wegovy frisco,0,52,0%,7.71
p long protocol before and after,0,52,0%,10.1
wegovy grapevine,0,52,0%,12.52
ed treatment summerlin,0,52,0%,22.29
gainswave success rate,0,52,0%,26.46
emsella arvada,0,52,0%,35.88
testosterone therapy summerlin,0,52,0%,40.96
p shot hunt valley,0,52,0%,42.12
gainswave therapy for ed,0,52,0%,65.33
prp shot (aka p-shot®) bay area,0,52,0%,83.83
best glp supplement for weight loss,0,51,0%,1
dysport summerlin,0,51,0%,14.27
wellness shots near me,0,51,0%,18.63
weight loss summerlin,0,51,0%,25.75
simi valley gainswave,0,51,0%,41.33
soft viagra,0,51,0%,46.49
buy viagra vegas,0,51,0%,60.49
ozempic weight loss program las vegas,0,51,0%,71.69
emsella albertville,0,51,0%,80.9
health revival,0,50,0%,3.6
injectable vitamins near me,0,50,0%,51.78
best weight loss center in las vegas,0,50,0%,79.46
las vegas hormone replacement therapy,0,49,0%,19.39
vitamin injections henderson,0,49,0%,26.41
iv vitamin therapy saddlehorn nv,0,49,0%,42.57
p shot michigan,0,49,0%,46.12
mens ed,0,49,0%,68.02
peptides for endurance las vegas,0,49,0%,70.94
metabolism test las vegas nv,0,49,0%,74.29
revival health and wellness weight loss,0,48,0%,2.5
revival hydration,0,48,0%,18.67
hgh therapy for men las vegas,0,48,0%,26.56
iv drip saddlehorn nv,0,48,0%,36.69
iv hydration therapy mayberry nv,0,48,0%,87.85
p shot frisco,0,47,0%,11.81
revive hormone health,0,47,0%,13.4
hormone pellet therapy las vegas,0,47,0%,32.45
hrt fremont,0,47,0%,49.28
extended phentermine for weight loss,0,47,0%,65.04
p shot gilbert az,0,47,0%,82.53
bone regeneration summerlin,0,47,0%,89.17
testosterone replacement therapy las vegas,0,46,0%,4.5
reviv wellness,0,46,0%,21.46
hgh therapy summerlin,0,46,0%,36.98
pcos weight loss las vegas,0,46,0%,37.35
hybrid wellness clinic,0,46,0%,54.63
b12 shot las vegas,0,46,0%,55.09
o shot sterling heights,0,46,0%,55.67
"where can i find anti-aging medicine in bend that offers hormone therapy 
and aesthetics together?",0,46,0%,61.5
p-shot marshall tx,0,46,0%,67.28
healthy weight loss programs las vegas,0,46,0%,68.37
tirzepatide,0,45,0%,3
semaglutide weight loss injections las vegas,0,45,0%,10.33
tetrapro,0,45,0%,15.36
summerlin trt clinic,0,45,0%,33.73
revyval health,0,44,0%,10.55
telehealth weight loss las vegas,0,44,0%,14.27
gainswave gurley,0,44,0%,28.02
hormone doctor las vegas,0,44,0%,34.41
o-shot marshall tx,0,44,0%,44.32
reputable las vegas weight loss clinic,0,44,0%,47.61
rmr testing in las vegas,0,44,0%,54
xeomin kaysville,0,44,0%,58.27
medical weight loss clinic in las vegas for sustainable results,0,44,0%,71.09
hormone therapy in nevada,0,44,0%,72
revival wellness company,0,43,0%,16.84
"revival iv and wellness, alternative & holistic health service, watford city",0,43,0%,17.56
emsella stamford ct,0,43,0%,58.33
why isn't my metabolism responding to diet and exercise changes?,0,43,0%,77.47
weight loss center denver,0,42,0%,1
bioidentical hormones,0,42,0%,4.21
when does phentermine peak,0,42,0%,7.98
p-long protocol penis enlargement results 2025,0,42,0%,8.69
revival health center,0,42,0%,12.24
las vegas men's health,0,42,0%,34.88
gainswave simi valley,0,42,0%,42.43
gainswave ed therapy,0,42,0%,49.79
testosterone replacement las vegas,0,42,0%,58.5
emsella bellevue,0,42,0%,72.93
revivals,0,41,0%,1.61
wellness center,0,41,0%,11.44
revivall holistic health,0,41,0%,15.85
immunity support nevada,0,41,0%,18.63
top rated weight loss and anti-aging clinic in las vegas,0,41,0%,25.34
westlake gainswave,0,41,0%,32.93
gainswave newcastle,0,41,0%,35.49
local guide program,0,40,0%,1
guided tissue regeneration las vegas nevada,0,40,0%,10.5
prp for hair loss las vegas,0,40,0%,14.28
wellness las vegas,0,40,0%,16.57
revival holistic health,0,40,0%,19.82
how to use trimix,0,40,0%,25.02
weight loss peptides las vegas,0,40,0%,28.25
summerlin trt,0,40,0%,40.88
iv therapy saddlehorn nv,0,40,0%,61.7
glp-1 therapy dayton,0,40,0%,87.12
hormone pellet therapy centennial,0,39,0%,2.44
rejuvenate women's wellness,0,39,0%,46.51
gainswave,0,39,0%,46.62
wellness injections near me,0,39,0%,62.21
emsella rocklin,0,39,0%,74.28
hcg diet las vegas,0,39,0%,81.79
7220 s cimarron rd las vegas nv 89113,0,38,0%,9.74
gainswave enterprise,0,38,0%,12.68
wellness revival,0,38,0%,12.79
natural healing with personalized care in las vegas,0,38,0%,24.47
newcastle gainswave,0,38,0%,32.16
bioidentical hormone replacement las vegas,0,38,0%,37.24
redmond gainswave,0,38,0%,45.26
p shot for men,0,38,0%,71.45
xeomin zionsville,0,38,0%,75.08
integrative health las vegas,0,38,0%,82.58
weight loss center,0,37,0%,1.81
mounjaro,0,37,0%,4.22
human growth hormone therapy las vegas nv,0,37,0%,6.16
revival therapy las vegas,0,37,0%,9.86
skin revivals,0,37,0%,26.32
o shot kaysville,0,37,0%,61.08
gut health evaluation near me,0,36,0%,2.11
revival health and wellness bioidentical hormone replacement therapy reviews,0,36,0%,3.36
hormone testing for women,0,36,0%,3.42
vampire facial grapevine,0,36,0%,4.92
priapus toxin,0,36,0%,12.89
emsella treatments arvada,0,36,0%,29
las vegas hormone pellet therapy,0,36,0%,37.14
las vegas testosterone replacement,0,36,0%,44.19
wellness injections,0,36,0%,52.33
vitamin injection near me,0,36,0%,56.06
bioidentical hormone replacement therapy nevada,0,36,0%,58.56
emsella portland tx,0,36,0%,76.11
what is revival health and wellness,0,35,0%,1.4
san antonio heights gainswave,0,35,0%,21.4
vitamin injections aurora,0,35,0%,26.34
iv antibiotic therapy clinic,0,35,0%,26.71
gainswave therapy near me,0,35,0%,36.23
hormone therapy winter garden,0,35,0%,48.29
henderson hgh therapy for men,0,35,0%,62.89
iv vitamin therapy washoe valley nv,0,35,0%,82.83
dysport recovery zeeland mi cypress tx,0,34,0%,18.5
revive wellness group,0,34,0%,22.62
revital health,0,34,0%,27.12
cool peel laser resurfacing treatment in bonney lake wa,0,34,0%,41.21
vitamin b shots near me,0,34,0%,43.35
p shot green bay,0,34,0%,50.76
vitamin wellness henderson,0,34,0%,50.85
prolotherapy las vegas,0,34,0%,51.56
testosterone replacement therapy las vegas nv,0,34,0%,57.79
weight loss las vegas nv,0,34,0%,64.38
bioidentical hormone replacement therapy henderson,0,34,0%,65.26
iv therapy virginia foothills nv,0,34,0%,73.24
emsella issaquah,0,34,0%,74.32
emsella seattle,0,34,0%,81.47
revival health group,0,33,0%,10.3
emsella sandy,0,33,0%,10.82
priapus toxin yakima,0,33,0%,14.27
centennial gainswave,0,33,0%,14.45
hormone therapy for wellness,0,33,0%,25.06
wellness clinic summerlin,0,33,0%,26.3
a place for wellness,0,33,0%,27.33
revive weight loss clinic,0,33,0%,32.7
medical weight loss spring valley nv,0,33,0%,52.36
emsella salt lake,0,33,0%,57.67
pdo thread lift las vegas,0,33,0%,57.79
weight loss clinic las vegas nv,0,33,0%,67.67
gainswave locations,0,33,0%,68.94
p shot,0,33,0%,84.67
prp for hair loss,0,32,0%,1.88
is it providers known for safe peptide therapy treatments in las vegas,0,32,0%,12.41
o-shot® (women) henderson,0,32,0%,12.66
gurley gainswave,0,32,0%,27.25
what is the average weight loss on phentermine,0,32,0%,38.78
trimix injection instructions,0,32,0%,40.12
vitamin booster shots,0,32,0%,54.53
summerlin semaglutide,0,32,0%,57.38
metabolism tests las vegas nv,0,32,0%,65.69
medical weight loss in las vegas,0,32,0%,67.88
is kybella permanent,0,32,0%,89.66
best weight loss program las vegas,0,31,0%,1
prp hair restoration near me,0,31,0%,1.97
prp hair restoration,0,31,0%,2.61
hormone pellet therapy,0,31,0%,2.81
reviver,0,31,0%,4.1
p-long protocol long-term results follow-up,0,31,0%,19.87
(inurl:thread) shooting,0,31,0%,20.45
"emsella in sandy,ut",0,31,0%,28.1
p long,0,31,0%,32.19
gainswave near me,0,31,0%,40
nutritional vitamin shots near me,0,31,0%,47.29
hormone replacement therapy san lorenzo,0,31,0%,66.81
providers known for safe peptide therapy treatments in las vegas,0,30,0%,12.7
revival health sarasota,0,30,0%,14.1
b-12 injections las vegas,0,30,0%,26
how to inject trimix,0,30,0%,35.67
addison gainswave,0,30,0%,41.37
vitamin b shot near me,0,30,0%,49.7
medical weight loss crown point,0,30,0%,64
wellness consultations,0,29,0%,1
hormone pellets,0,29,0%,2.17
prp for hair loss near me,0,29,0%,2.9
ozempic,0,29,0%,3.31
best hormone therapy for men las vegas,0,29,0%,3.62
prp injection,0,29,0%,4.55
weight loss doctor las vegas,0,29,0%,7.76
tear trough prp lihue,0,29,0%,15.03
summerlin weight loss clinic,0,29,0%,22.69
gainswave addison,0,29,0%,44.9
weight loss program las vegas,0,29,0%,49.28
male sexual rejuvenation oakland,0,29,0%,65.28
phentermine dosage for weight loss,0,29,0%,66.86
counseling counsultation cimarron,0,29,0%,76.48
emsculpt neo albertville,0,29,0%,82.31
revival health and wellness location,0,28,0%,3.07
"""diamond-glp-1""",0,28,0%,6.96
revival health clinic,0,28,0%,8.18
7220 s cimarron rd las vegas nv,0,28,0%,9.86
gainswave eucalyptus hills,0,28,0%,11.5
testosterone labido,0,28,0%,14.68
laser genesis near me,0,28,0%,19.93
cas healthcare and wellness,0,28,0%,23.71
coolpeel los gatos,0,28,0%,42.11
longevity clinic las vegas,0,28,0%,57.21
men's ed,0,28,0%,72.46
iv vitamin therapy reno nv,0,28,0%,91.07
plan b pills near me,0,27,0%,1
functional medicine,0,27,0%,3.56
botox in summerlin south,0,27,0%,6.89
revival health and wellness salem il,0,27,0%,10.63
weight loss injections summerlin,0,27,0%,18.3
p shot east lansing,0,27,0%,28.3
gainswave westlake,0,27,0%,32.07
glp 1 a key hormone for whole body wellness,0,27,0%,41.37
hormone-replacement-therapy-in-holly-ridge,0,27,0%,42.63
emsculpt neo midvale ut,0,27,0%,43.67
wellness vitamin injections near me,0,27,0%,53.33
peptides for muscle building las vegas,0,27,0%,59.04
las vegas anti-aging doctor,0,26,0%,1.58
b12 shot denver,0,26,0%,4.85
revital,0,26,0%,5.5
revival injection,0,26,0%,6.69
retatrutide las vegas,0,26,0%,12.15
"prp for hair loss henderson, nv",0,26,0%,18.5
laser genesis las vegas,0,26,0%,19.23
revive me las vegas,0,26,0%,25.04
trimix instructions,0,26,0%,32.92
p shot st john in,0,26,0%,41.69
hgh peptides near me,0,26,0%,45.58
o-shot® (women),0,26,0%,46.42
sermorelin therapy near me,0,26,0%,47.62
gainswave ed treatment,0,26,0%,56.35
emsella temecula,0,26,0%,71.46
tetra co2 laser resurfacing glenview,0,26,0%,74.73
summerlin semaglutide weight loss,0,26,0%,77.92
ozempic for weight loss las vegas,0,26,0%,85.31
xeomin shrewsbury,0,26,0%,89.96
wegovy,0,25,0%,1.16
revitalized,0,25,0%,4.64
which las vegas weight loss programs with hormones are best,0,25,0%,7.56
shockwave therapy for ed,0,25,0%,8.68
derma revival,0,25,0%,11.92
growth hormone optimization hingham,0,25,0%,13.76
"experienced clinics specializing in peptide therapy for recovery and 
performance in las vegas",0,25,0%,13.8
pellet therapy in las vegas,0,25,0%,17.72
glp-1 weight loss summerlin,0,25,0%,19.88
sunset valley gainswave,0,25,0%,21.28
arm lift scar set for camouflage rejuvenation,0,25,0%,26.64
revival aesthetics & wellness,0,25,0%,31.08
trt clinic summerlin,0,25,0%,34.6
revive medical group,0,25,0%,36.92
tetra pro staten island,0,25,0%,46.6
phentermine weight loss bend,0,25,0%,57.84
hormone pellet therapy henderson,0,25,0%,74.88
emsculpt bountiful,0,25,0%,76.56
valhalla wellness and medical centers,0,25,0%,84.44
revivemd,0,24,0%,2.67
hgh therapy for men enterprise,0,24,0%,2.96
bhrt therapy,0,24,0%,3.38
las vegas semaglutide for weight loss,0,24,0%,10.04
the complete guide to emsella therapy 2025,0,24,0%,11.5
camouflage rejuvenation,0,24,0%,15.75
las vegas hormone replacement,0,24,0%,20
orangevale gainswave,0,24,0%,21.58
gainswave loomis,0,24,0%,22.38
lifestyle med spa,0,24,0%,34.71
p long protocol,0,24,0%,35.54
average weight loss on phentermine,0,24,0%,42.54
p-shot san jose,0,24,0%,50.17
how to intensify phentermine,0,24,0%,50.54
female sexual wellness shot san antonio,0,24,0%,51.46
gainswave treatments,0,24,0%,54.67
penile shockwave therapy henderson,0,24,0%,56.46
hgh therapy for men henderson,0,24,0%,58.88
men's health ed,0,24,0%,61.75
weight loss programs las vegas,0,24,0%,63.54
o-shot bay area,0,24,0%,66.12
xeomin weymouth,0,24,0%,88.25
best glp1 supplement for weight loss,0,23,0%,1
hormones,0,23,0%,1.43
revival health and wellness las vegas reviews,0,23,0%,3.83
p-long protocol results girth increase 2025 or 2026,0,23,0%,6.13
p-long protocol results girth increase 2025,0,23,0%,6.52
revival medicine reno,0,23,0%,7.57
medical weight loss,0,23,0%,10.91
hormone revival,0,23,0%,12.87
laser genesis,0,23,0%,20.57
men's weight loss clinic las vegas,0,23,0%,23.78
medical wellness las vegas,0,23,0%,24.17
vitamin d injection near me,0,23,0%,24.48
emsella sandy utah,0,23,0%,32.35
revival rx,0,23,0%,39.35